339.94,337.22,341.91,337.93,-2.82
340.08,339.94,337.22,341.91,-2.16
344.34,340.08,339.94,337.22,-1.64
335.12,344.34,340.08,339.94,-0.77
329.11,335.12,344.34,340.08,-1.17
338.39,329.11,335.12,344.34,-2.09
352.00,338.39,329.11,335.12,-1.64
354.64,352.00,338.39,329.11,0.22
354.58,354.64,352.00,338.39,1.80
363.16,354.58,354.64,352.00,2.84
358.71,363.16,354.58,354.64,4.44
362.91,358.71,363.16,354.58,4.94
355.43,362.91,358.71,363.16,5.63
358.02,355.43,362.91,358.71,5.14
358.42,358.02,355.43,362.91,4.96
367.31,358.42,358.02,355.43,4.76
361.61,367.31,358.42,358.02,5.49
353.44,361.61,367.31,358.42,5.23
344.86,353.44,361.61,367.31,4.01
335.52,344.86,353.44,361.61,2.11
327.83,335.52,344.86,353.44,-0.29
311.51,327.83,335.52,344.86,-2.79
322.56,311.51,327.83,335.52,-6.27
323.40,322.56,311.51,327.83,-7.29
316.83,323.40,322.56,311.51,-7.72
311.32,316.83,323.40,322.56,-8.56
306.05,311.32,316.83,323.40,-9.54
311.50,306.05,311.32,316.83,-10.57
300.03,311.50,306.05,311.32,-10.42
312.48,300.03,311.50,306.05,-11.33
304.71,312.48,300.03,311.50,-10.29
311.85,304.71,312.48,300.03,-10.19
313.74,311.85,304.71,312.48,-9.07
317.02,313.74,311.85,304.71,-7.86
315.10,317.02,313.74,311.85,-6.47
322.22,315.10,317.02,313.74,-5.56
327.75,322.22,315.10,317.02,-4.00
326.82,327.75,322.22,315.10,-2.21
331.75,326.82,327.75,322.22,-1.02
328.72,331.75,326.82,327.75,0.37
321.00,328.72,331.75,326.82,0.99
315.23,321.00,328.72,331.75,0.54
332.23,315.23,321.00,328.72,-0.43
336.07,332.23,315.23,321.00,0.80
343.05,336.07,332.23,315.23,2.05
359.35,343.05,336.07,332.23,3.65
364.22,359.35,343.05,336.07,6.47
365.65,364.22,359.35,343.05,8.80
370.47,365.65,364.22,359.35,10.36
374.95,370.47,365.65,364.22,11.71
373.59,374.95,370.47,365.65,12.86
367.48,373.59,374.95,370.47,13.18
375.22,367.48,373.59,374.95,12.40
375.36,375.22,367.48,373.59,12.41
380.40,375.36,375.22,367.48,12.13
384.20,380.40,375.36,375.22,12.20
379.02,384.20,380.40,375.36,12.37
380.52,379.02,384.20,380.40,11.60
383.25,380.52,379.02,384.20,10.95
372.19,383.25,380.52,379.02,10.53
374.96,372.19,383.25,380.52,8.76
389.83,374.96,372.19,383.25,7.62
379.43,389.83,374.96,372.19,8.30
382.29,379.43,389.83,374.96,7.41
377.75,382.29,379.43,389.83,6.93
371.16,377.75,382.29,379.43,5.92
377.94,371.16,377.75,382.29,4.34
382.39,377.94,371.16,377.75,3.90
382.88,382.39,377.94,371.16,3.99
383.15,382.88,382.39,377.94,4.01
385.06,383.15,382.88,382.39,3.95
388.02,385.06,383.15,382.88,4.03
376.47,388.02,385.06,383.15,4.31
393.85,376.47,388.02,385.06,3.12
392.15,393.85,376.47,388.02,4.15
384.56,392.15,393.85,376.47,4.57
385.78,384.56,392.15,393.85,3.90
385.92,385.78,384.56,392.15,3.48
387.86,385.92,385.78,384.56,3.12
381.25,387.86,385.92,385.78,3.01
381.45,381.25,387.86,385.92,2.12
392.50,381.45,381.25,387.86,1.48
384.20,392.50,381.45,381.25,2.22
391.32,384.20,392.50,381.45,1.76
392.89,391.32,384.20,392.50,2.19
382.62,392.89,391.32,384.20,2.61
376.14,382.62,392.89,391.32,1.69
375.22,376.14,382.62,392.89,0.30
379.10,375.22,376.14,382.62,-0.78
384.47,379.10,375.22,376.14,-1.07
387.04,384.47,379.10,375.22,-0.65
406.46,387.04,384.47,379.10,-0.06
419.34,406.46,387.04,384.47,2.51
415.10,419.34,406.46,387.04,5.66
418.86,415.10,419.34,406.46,7.22
415.48,418.86,415.10,419.34,8.54
408.78,415.48,418.86,415.10,8.87
411.09,408.78,415.48,418.86,8.13
412.48,411.09,408.78,415.48,7.68
411.43,412.48,411.09,408.78,7.33
412.70,411.43,412.48,411.09,6.79
404.44,412.70,411.43,412.48,6.39
405.84,404.44,412.70,411.43,5.04
411.30,405.84,404.44,412.70,4.13
403.50,411.30,405.84,404.44,4.01
401.55,403.50,411.30,405.84,2.97
404.29,401.55,403.50,411.30,1.95
416.04,404.29,401.55,403.50,1.51
409.02,416.04,404.29,401.55,2.47
412.53,409.02,416.04,404.29,2.29
416.05,412.53,409.02,416.04,2.50
410.09,416.05,412.53,409.02,2.98
414.02,410.09,416.05,412.53,2.57
415.35,414.02,410.09,416.05,2.66
413.48,415.35,414.02,410.09,2.81
409.76,413.48,415.35,414.02,2.63
403.67,409.76,413.48,415.35,2.03
403.45,403.67,409.76,413.48,0.89
411.77,403.45,403.67,409.76,0.05
414.62,411.77,403.45,403.67,0.40
415.62,414.62,411.77,403.45,0.94
411.60,415.62,414.62,411.77,1.41
424.21,411.60,415.62,414.62,1.25
418.88,424.21,411.60,415.62,2.51
419.91,418.88,424.21,411.60,2.72
414.85,419.91,418.88,424.21,2.92
414.84,414.85,419.91,418.88,2.42
417.08,414.84,414.85,419.91,2.02
419.58,417.08,414.84,414.85,1.94
422.93,419.58,417.08,414.84,2.11
414.35,422.93,419.58,417.08,2.55
410.47,414.35,422.93,419.58,1.84
402.66,410.47,414.35,422.93,0.87
411.73,402.66,410.47,414.35,-0.69
414.10,411.73,402.66,410.47,-0.74
418.68,414.10,411.73,402.66,-0.50
417.58,418.68,414.10,411.73,0.19
422.43,417.58,418.68,414.10,0.54
426.65,422.43,417.58,418.68,1.31
430.16,426.65,422.43,417.58,2.28
432.06,430.16,426.65,422.43,3.28
433.73,432.06,430.16,426.65,4.10
441.28,433.73,432.06,430.16,4.76
439.77,441.28,433.73,432.06,5.93
435.71,439.77,441.28,433.73,6.43
429.05,435.71,439.77,441.28,6.16
437.15,429.05,435.71,439.77,5.09
436.11,437.15,429.05,435.71,5.12
438.78,436.11,437.15,429.05,4.89
448.93,438.78,436.11,437.15,4.92
444.58,448.93,438.78,436.11,5.94
434.22,444.58,448.93,438.78,6.02
443.38,434.22,444.58,448.93,4.77
446.11,443.38,434.22,444.58,4.81
449.83,446.11,443.38,434.22,5.02
450.18,449.83,446.11,443.38,5.45
447.78,450.18,449.83,446.11,5.66
441.39,447.78,450.18,449.83,5.40
441.84,441.39,447.78,450.18,4.37
448.94,441.84,441.39,447.78,3.60
437.03,448.94,441.84,441.39,3.77
440.19,437.03,448.94,441.84,2.47
442.31,440.19,437.03,448.94,1.86
439.56,442.31,440.19,437.03,1.63
445.84,439.56,442.31,440.19,1.13
450.19,445.84,439.56,442.31,1.45
450.06,450.19,445.84,439.56,2.12
447.26,450.06,450.19,445.84,2.51
443.68,447.26,450.06,450.19,2.41
447.60,443.68,447.26,450.06,1.89
445.84,447.60,443.68,447.26,1.91
448.11,445.84,447.60,443.68,1.69
445.75,448.11,445.84,447.60,1.74
447.10,445.75,448.11,445.84,1.47
448.13,447.10,445.75,448.11,1.40
448.68,448.13,447.10,445.75,1.43
450.14,448.68,448.13,447.10,1.48
456.16,450.14,448.68,448.13,1.64
460.54,456.16,450.14,448.68,2.38
461.34,460.54,456.16,450.14,3.31
461.72,461.34,460.54,456.16,3.97
458.83,461.72,461.34,460.54,4.37
457.63,458.83,461.72,461.34,4.21
461.28,457.63,458.83,461.72,3.87
460.31,461.28,457.63,458.83,3.94
469.50,460.31,461.28,457.63,3.79
463.27,469.50,460.31,461.28,4.61
467.83,463.27,469.50,460.31,4.37
459.57,467.83,463.27,469.50,4.60
465.39,459.57,467.83,463.27,3.73
462.60,465.39,459.57,467.83,3.68
463.06,462.60,465.39,459.57,3.25
464.89,463.06,462.60,465.39,2.92
463.93,464.89,463.06,462.60,2.83
466.38,463.93,464.89,463.06,2.58
467.38,466.38,463.93,464.89,2.62
466.45,467.38,466.38,463.93,2.70
469.90,466.45,467.38,466.38,2.58
474.91,469.90,466.45,467.38,2.82
474.72,474.91,469.90,466.45,3.47
478.70,474.72,474.91,469.90,3.81
469.81,478.70,474.72,474.91,4.40
470.18,469.81,478.70,474.72,3.71
467.69,470.18,469.81,478.70,3.18
466.07,467.69,470.18,469.81,2.46
464.74,466.07,467.69,470.18,1.72
466.44,464.74,466.07,467.69,1.02
471.06,466.44,464.74,466.07,0.70
460.58,471.06,466.44,464.74,0.97
438.92,460.58,471.06,466.44,-0.03
449.87,438.92,460.58,471.06,-3.12
442.46,449.87,438.92,460.58,-3.97
447.63,442.46,449.87,438.92,-5.28
450.91,447.63,442.46,449.87,-5.48
447.82,450.91,447.63,442.46,-5.12
444.14,447.82,450.91,447.63,-5.09
454.92,444.14,447.82,450.91,-5.35
457.33,454.92,444.14,447.82,-4.20
460.13,457.33,454.92,444.14,-3.04
458.67,460.13,457.33,454.92,-1.84
458.45,458.67,460.13,457.33,-1.14
442.80,458.45,458.67,460.13,-0.64
446.20,442.80,458.45,458.67,-2.02
449.55,446.20,442.80,458.45,-2.55
454.16,449.55,446.20,442.80,-2.48
453.11,454.16,449.55,446.20,-1.86
458.26,453.11,454.16,449.55,-1.50
457.09,458.26,453.11,454.16,-0.64
461.94,457.09,458.26,453.11,-0.16
463.68,461.94,457.09,458.26,0.71
473.80,463.68,461.94,457.09,1.49
470.99,473.80,463.68,461.94,3.12
468.18,470.99,473.80,463.68,3.85
471.19,468.18,470.99,473.80,3.95
459.67,471.19,468.18,470.99,4.26
462.71,459.67,471.19,468.18,3.09
455.10,462.71,459.67,471.19,2.54
469.10,455.10,462.71,459.67,1.25
464.89,469.10,455.10,462.71,1.88
473.77,464.89,469.10,455.10,1.81
462.28,473.77,464.89,469.10,2.70
462.35,462.28,473.77,464.89,1.97
461.47,462.35,462.28,473.77,1.43
452.29,461.47,462.35,462.28,0.92
453.30,452.29,461.47,462.35,-0.48
446.96,453.30,452.29,461.47,-1.32
458.80,446.96,453.30,452.29,-2.57
459.83,458.80,446.96,453.30,-2.06
459.27,459.83,458.80,446.96,-1.54
460.68,459.27,459.83,458.80,-1.20
465.97,460.68,459.27,459.83,-0.79
464.78,465.97,460.68,459.27,0.11
470.39,464.78,465.97,460.68,0.60
478.65,470.39,464.78,465.97,1.54
481.46,478.65,470.39,464.78,3.07
481.97,481.46,478.65,470.39,4.37
488.11,481.97,481.46,478.65,5.21
485.42,488.11,481.97,481.46,6.35
489.57,485.42,488.11,481.97,6.68
495.52,489.57,485.42,488.11,7.20
500.97,495.52,489.57,485.42,8.05
500.71,500.97,495.52,489.57,9.04
506.42,500.71,500.97,495.52,9.48
509.23,506.42,500.71,500.97,10.18
508.49,509.23,506.42,500.71,10.72
514.71,508.49,509.23,506.42,10.75
520.12,514.71,508.49,509.23,11.20
525.55,520.12,514.71,508.49,11.83
519.19,525.55,520.12,514.71,12.58
523.65,519.19,525.55,520.12,12.08
532.51,523.65,519.19,525.55,11.93
527.94,532.51,523.65,519.19,12.52
539.83,527.94,532.51,523.65,12.11
549.71,539.83,527.94,532.51,12.85
544.75,549.71,539.83,527.94,14.14
556.37,544.75,549.71,539.83,14.13
559.89,556.37,544.75,549.71,15.07
553.62,559.89,556.37,544.75,15.73
562.93,553.62,559.89,556.37,15.11
558.94,562.93,553.62,559.89,15.34
555.11,558.94,562.93,553.62,14.68
559.21,555.11,558.94,562.93,13.43
560.10,559.21,555.11,558.94,12.69
563.84,560.10,559.21,555.11,11.97
572.68,563.84,560.10,559.21,11.59
583.35,572.68,563.84,560.10,12.02
581.73,583.35,572.68,563.84,13.21
584.41,581.73,583.35,572.68,13.52
582.49,584.41,581.73,583.35,13.70
584.50,582.49,584.41,581.73,13.28
587.46,584.50,582.49,584.41,12.88
579.70,587.46,584.50,582.49,12.61
590.57,579.70,587.46,584.50,11.26
592.72,590.57,579.70,587.46,11.25
600.07,592.72,590.57,579.70,11.20
599.97,600.07,592.72,590.57,11.71
606.98,599.97,600.07,592.72,11.77
617.48,606.98,599.97,600.07,12.29
616.34,617.48,606.98,599.97,13.52
611.95,616.34,617.48,606.98,13.90
615.93,611.95,616.34,617.48,13.34
616.71,615.93,611.95,616.34,13.06
601.81,616.71,615.93,611.95,12.63
611.83,601.81,616.71,615.93,10.37
621.62,611.83,601.81,616.71,9.66
635.84,621.62,611.83,601.81,10.02
656.37,635.84,621.62,611.83,11.61
647.98,656.37,635.84,621.62,14.69
659.08,647.98,656.37,635.84,15.53
644.37,659.08,647.98,656.37,16.96
633.50,644.37,659.08,647.98,15.90
641.43,633.50,644.37,659.08,13.56
650.62,641.43,633.50,644.37,12.49
645.50,650.62,641.43,633.50,12.47
655.86,645.50,650.62,641.43,11.57
636.71,655.86,645.50,650.62,11.82
645.07,636.71,655.86,645.50,9.57
653.46,645.07,636.71,655.86,8.71
641.63,653.46,645.07,636.71,8.83
652.09,641.63,653.46,645.07,7.38
668.91,652.09,641.63,653.46,7.36
678.51,668.91,652.09,641.63,9.03
669.12,678.51,668.91,652.09,11.03
673.31,669.12,678.51,668.91,11.10
665.85,673.31,669.12,678.51,11.34
666.84,665.85,673.31,669.12,10.39
670.63,666.84,665.85,673.31,9.59
657.44,670.63,666.84,665.85,9.22
646.19,657.44,670.63,666.84,7.28
638.73,646.19,657.44,670.63,4.50
635.90,638.73,646.19,657.44,1.64
662.49,635.90,638.73,646.19,-0.69
662.10,662.49,635.90,638.73,0.67
665.21,662.10,662.49,635.90,1.55
667.03,665.21,662.10,662.49,2.46
651.99,667.03,665.21,662.10,3.24
655.68,651.99,667.03,665.21,2.02
680.54,655.68,651.99,667.03,1.54
687.03,680.54,655.68,651.99,3.93
686.19,687.03,680.54,655.68,6.21
701.46,686.19,687.03,680.54,7.54
700.66,701.46,686.19,687.03,9.97
710.82,700.66,701.46,686.19,11.31
700.92,710.82,700.66,701.46,13.09
703.77,700.92,710.82,700.66,12.90
730.82,703.77,700.92,710.82,12.76
737.62,730.82,703.77,700.92,15.36
748.73,737.62,730.82,703.77,17.53
757.02,748.73,737.62,730.82,19.83
739.60,757.02,748.73,737.62,21.86
728.64,739.60,757.02,748.73,20.78
748.87,728.64,739.60,757.02,18.31
756.79,748.87,728.64,739.60,18.39
748.03,756.79,748.87,728.64,18.87
759.50,748.03,756.79,748.87,17.77
776.17,759.50,748.03,756.79,17.84
770.52,776.17,759.50,748.03,19.30
786.16,770.52,776.17,759.50,19.21
789.56,786.16,770.52,776.17,20.41
808.48,789.56,786.16,770.52,21.11
801.77,808.48,789.56,786.16,23.18
790.82,801.77,808.48,789.56,23.29
804.97,790.82,801.77,808.48,21.57
793.17,804.97,790.82,801.77,21.43
784.10,793.17,804.97,790.82,19.49
773.88,784.10,793.17,804.97,16.66
757.90,773.88,784.10,793.17,13.15
737.65,757.90,773.88,784.10,8.63
766.34,737.65,757.90,773.88,3.04
765.37,766.34,737.65,757.90,2.29
812.97,765.37,766.34,737.65,1.60
824.78,812.97,765.37,766.34,6.38
829.75,824.78,812.97,765.37,10.84
847.03,829.75,824.78,812.97,14.20
848.28,847.03,829.75,824.78,18.10
858.01,848.28,847.03,829.75,20.48
893.27,858.01,848.28,847.03,22.71
898.70,893.27,858.01,848.28,27.60
887.30,898.70,893.27,858.01,30.91
916.92,887.30,898.70,893.27,31.17
916.68,916.92,887.30,898.70,33.86
915.30,916.68,916.92,887.30,34.87
938.79,915.30,916.68,916.92,34.55
947.14,938.79,915.30,916.68,36.08
933.54,947.14,938.79,915.30,37.18
900.81,933.54,947.14,938.79,35.51
923.54,900.81,933.54,947.14,29.84
899.47,923.54,900.81,933.54,27.71
929.05,899.47,923.54,900.81,22.88
923.91,929.05,899.47,923.54,22.26
950.51,923.91,929.05,899.47,20.71
945.22,950.51,923.91,929.05,22.09
965.03,945.22,950.51,923.91,21.90
966.98,965.03,945.22,950.51,23.44
944.16,966.98,965.03,945.22,24.14
941.64,944.16,966.98,965.03,21.49
914.62,941.64,944.16,966.98,18.85
927.51,914.62,941.64,944.16,13.55
928.35,927.51,914.62,941.64,10.99
963.09,928.35,927.51,914.62,9.04
955.40,963.09,928.35,927.51,11.33
983.79,955.40,963.09,928.35,11.78
953.39,983.79,955.40,963.09,14.95
946.78,953.39,983.79,955.40,13.40
936.46,946.78,953.39,983.79,11.26
975.04,936.46,946.78,953.39,8.36
927.69,975.04,936.46,946.78,10.43
961.51,927.69,975.04,936.46,6.34
957.59,961.51,927.69,975.04,7.12
980.28,957.59,961.51,927.69,7.05
1012.46,980.28,957.59,961.51,9.34
1020.09,1012.46,980.28,957.59,14.27
1034.21,1020.09,1012.46,980.28,18.18
1049.34,1034.21,1020.09,1012.46,22.00
1055.69,1049.34,1034.21,1020.09,25.78
1068.61,1055.69,1049.34,1034.21,28.46
1099.16,1068.61,1055.69,1049.34,31.05
1095.44,1099.16,1068.61,1055.69,35.46
1122.70,1095.44,1099.16,1068.61,37.23
1110.67,1122.70,1095.44,1099.16,40.56
1122.72,1110.67,1122.70,1095.44,40.52
1107.90,1122.72,1110.67,1122.70,40.83
1121.00,1107.90,1122.72,1110.67,38.39
1108.14,1121.00,1107.90,1122.72,37.22
1108.73,1108.14,1121.00,1107.90,34.05
1110.47,1108.73,1108.14,1121.00,31.09
1090.82,1110.47,1108.73,1108.14,28.47
1113.86,1090.82,1110.47,1108.73,23.77
1098.84,1113.86,1090.82,1110.47,22.50
1100.65,1098.84,1113.86,1090.82,19.39
1133.20,1100.65,1098.84,1113.86,16.96
1146.42,1133.20,1100.65,1098.84,18.49
1164.33,1146.42,1133.20,1100.65,20.55
1186.75,1164.33,1146.42,1133.20,23.46
1140.80,1186.75,1164.33,1146.42,27.38
1120.67,1140.80,1186.75,1164.33,24.31
1089.45,1120.67,1140.80,1186.75,19.35
1062.75,1089.45,1120.67,1140.80,11.98
1081.24,1062.75,1089.45,1120.67,3.62
1027.14,1081.24,1062.75,1089.45,-0.20
973.89,1027.14,1081.24,1062.75,-8.84
1009.06,973.89,1027.14,1081.24,-20.52
1020.09,1009.06,973.89,1027.14,-24.17
1044.75,1020.09,1009.06,973.89,-24.88
1002.60,1044.75,1020.09,1009.06,-22.01
984.39,1002.60,1044.75,1020.09,-24.17
1056.42,984.39,1002.60,1044.75,-27.09
1070.67,1056.42,984.39,1002.60,-20.43
1098.67,1070.67,1056.42,984.39,-13.75
1141.01,1098.67,1070.67,1056.42,-5.67
1125.72,1141.01,1098.67,1070.67,4.76
1163.55,1125.72,1141.01,1098.67,10.15
1192.33,1163.55,1125.72,1141.01,17.83
1176.74,1192.33,1163.55,1125.72,25.90
1166.46,1176.74,1192.33,1163.55,29.10
1188.03,1166.46,1176.74,1192.33,29.46
1226.27,1188.03,1166.46,1176.74,31.37
1229.23,1226.27,1188.03,1166.46,36.17
1275.09,1229.23,1226.27,1188.03,38.93
1243.26,1275.09,1229.23,1226.27,44.96
1225.19,1243.26,1275.09,1229.23,44.49
1279.64,1225.19,1243.26,1275.09,41.06
1239.40,1279.64,1225.19,1243.26,43.72
1230.13,1239.40,1279.64,1225.19,40.01
1239.22,1230.13,1239.40,1279.64,35.43
1238.33,1239.22,1230.13,1239.40,32.39
1275.47,1238.33,1239.22,1230.13,29.40
1294.59,1275.47,1238.33,1239.22,30.73
1299.29,1294.59,1275.47,1238.33,33.01
1282.80,1299.29,1294.59,1275.47,34.30
1293.72,1282.80,1299.29,1294.59,32.51
1348.35,1293.72,1282.80,1299.29,31.68
1319.00,1348.35,1293.72,1282.80,36.40
1356.85,1319.00,1348.35,1293.72,35.50
1335.18,1356.85,1319.00,1348.35,38.21
1345.00,1335.18,1356.85,1319.00,36.73
1337.80,1345.00,1335.18,1356.85,35.89
1330.29,1337.80,1345.00,1335.18,33.62
1301.84,1330.29,1337.80,1345.00,30.39
1327.75,1301.84,1330.29,1337.80,24.25
1293.64,1327.75,1301.84,1330.29,22.28
1342.84,1293.64,1327.75,1301.84,16.58
1315.31,1342.84,1293.64,1327.75,17.69
1391.22,1315.31,1342.84,1293.64,14.97
1403.28,1391.22,1315.31,1342.84,21.15
1418.78,1403.28,1391.22,1315.31,26.24
1356.94,1418.78,1403.28,1391.22,30.84
1328.72,1356.94,1418.78,1403.28,26.38
1300.29,1328.72,1356.94,1418.78,19.51
1327.68,1300.29,1328.72,1356.94,11.12
1336.61,1327.68,1300.29,1328.72,8.09
1348.27,1336.61,1327.68,1300.29,6.79
1357.24,1348.27,1336.61,1327.68,7.02
1351.66,1357.24,1348.27,1336.61,8.00
1335.42,1351.66,1357.24,1348.27,7.86
1277.36,1335.42,1351.66,1357.24,5.76
1282.81,1277.36,1335.42,1351.66,-2.28
1336.02,1282.81,1277.36,1335.42,-7.18
1247.41,1336.02,1282.81,1277.36,-4.47
1301.65,1247.41,1336.02,1282.81,-12.34
1362.93,1301.65,1247.41,1336.02,-11.45
1370.23,1362.93,1301.65,1247.41,-3.74
1396.06,1370.23,1362.93,1301.65,2.49
1422.00,1396.06,1370.23,1362.93,9.61
1416.62,1422.00,1396.06,1370.23,17.18
1433.30,1416.62,1422.00,1396.06,21.39
1417.04,1433.30,1416.62,1422.00,25.62
1421.03,1417.04,1433.30,1416.62,26.11
1458.34,1421.03,1417.04,1433.30,26.25
1469.25,1458.34,1421.03,1417.04,29.84
1441.47,1469.25,1458.34,1421.03,32.80
1465.15,1441.47,1469.25,1458.34,30.95
1441.36,1465.15,1441.47,1469.25,31.53
1360.16,1441.36,1465.15,1441.47,28.52
1424.37,1360.16,1441.36,1465.15,16.71
1387.12,1424.37,1360.16,1441.36,15.26
1346.09,1387.12,1424.37,1360.16,9.75
1333.36,1346.09,1387.12,1424.37,1.14
1409.17,1333.36,1346.09,1387.12,-6.26
1395.07,1409.17,1333.36,1346.09,-2.80
1464.47,1395.07,1409.17,1333.36,-1.90
1527.46,1464.47,1395.07,1409.17,6.48
1498.58,1527.46,1464.47,1395.07,19.11
1516.35,1498.58,1527.46,1464.47,24.16
1356.56,1516.35,1498.58,1527.46,29.03
1434.54,1356.56,1516.35,1498.58,13.93
1452.43,1434.54,1356.56,1516.35,11.81
1432.63,1452.43,1434.54,1356.56,12.04
1420.96,1432.63,1452.43,1434.54,9.70
1406.95,1420.96,1432.63,1452.43,6.55
1378.02,1406.95,1420.96,1432.63,2.65
1477.26,1378.02,1406.95,1420.96,-3.33
1456.95,1477.26,1378.02,1406.95,3.65
1464.46,1456.95,1477.26,1378.02,6.13
1441.48,1464.46,1456.95,1477.26,8.52
1454.60,1441.48,1464.46,1456.95,7.42
1478.90,1454.60,1441.48,1464.46,7.93
1509.98,1478.90,1454.60,1441.48,10.78
1480.19,1509.98,1478.90,1454.60,15.94
1419.89,1480.19,1509.98,1478.90,15.81
1462.93,1419.89,1480.19,1509.98,8.63
1471.84,1462.93,1419.89,1480.19,8.23
1491.72,1471.84,1462.93,1419.89,8.74
1506.45,1491.72,1471.84,1462.93,11.09
1520.77,1506.45,1491.72,1471.84,14.07
1494.50,1520.77,1506.45,1491.72,17.38
1465.81,1494.50,1520.77,1506.45,16.32
1448.72,1465.81,1494.50,1520.77,12.00
1436.51,1448.72,1465.81,1494.50,6.81
1408.99,1436.51,1448.72,1465.81,1.70
1374.17,1408.99,1436.51,1448.72,-4.93
1396.93,1374.17,1408.99,1436.51,-13.26
1379.58,1396.93,1374.17,1408.99,-16.17
1426.69,1379.58,1396.93,1374.17,-19.70
1365.98,1426.69,1379.58,1396.93,-16.43
1367.72,1365.98,1426.69,1379.58,-20.50
1341.77,1367.72,1365.98,1426.69,-22.62
1315.23,1341.77,1367.72,1365.98,-26.41
1369.89,1315.23,1341.77,1367.72,-31.33
1312.15,1369.89,1315.23,1341.77,-27.88
1305.95,1312.15,1369.89,1315.23,-31.22
1320.28,1305.95,1312.15,1369.89,-33.45
1298.35,1320.28,1305.95,1312.15,-32.57
1318.55,1298.35,1320.28,1305.95,-33.60
1342.54,1318.55,1298.35,1320.28,-31.24
1354.95,1342.54,1318.55,1298.35,-26.16
1349.47,1354.95,1342.54,1318.55,-20.63
1314.76,1349.47,1354.95,1342.54,-16.91
1301.53,1314.76,1349.47,1354.95,-17.77
1245.86,1301.53,1314.76,1349.47,-19.40
1234.18,1245.86,1301.53,1314.76,-26.23
1233.42,1234.18,1245.86,1301.53,-31.61
1150.53,1233.42,1234.18,1245.86,-34.63
1139.83,1150.53,1233.42,1234.18,-45.07
1160.33,1139.83,1150.53,1233.42,-52.36
1128.43,1160.33,1139.83,1150.53,-53.84
1183.50,1128.43,1160.33,1139.83,-57.07
1242.98,1183.50,1128.43,1160.33,-51.78
1253.05,1242.98,1183.50,1128.43,-40.23
1266.61,1253.05,1242.98,1183.50,-30.14
1245.67,1266.61,1253.05,1242.98,-20.91
1291.96,1245.67,1266.61,1253.05,-16.34
1277.89,1291.96,1245.67,1266.61,-7.63
1260.67,1277.89,1291.96,1245.67,-2.98
1264.96,1260.67,1277.89,1291.96,-1.61
1214.36,1264.96,1260.67,1277.89,-0.15
1225.35,1214.36,1264.96,1260.67,-4.75
1224.38,1225.35,1214.36,1264.96,-6.60
1190.59,1224.38,1225.35,1214.36,-7.82
1215.68,1190.59,1224.38,1225.35,-12.23
1210.85,1215.68,1190.59,1224.38,-12.18
1205.82,1210.85,1215.68,1190.59,-12.39
1214.35,1205.82,1210.85,1215.68,-12.78
1190.16,1214.35,1205.82,1210.85,-11.79
1161.97,1190.16,1214.35,1205.82,-13.51
1184.93,1161.97,1190.16,1214.35,-17.49
1133.58,1184.93,1161.97,1190.16,-17.26
1085.78,1133.58,1184.93,1161.97,-22.38
965.80,1085.78,1133.58,1184.93,-30.68
1040.94,965.80,1085.78,1133.58,-48.99
1071.38,1040.94,965.80,1085.78,-52.09
1091.65,1071.38,1040.94,965.80,-49.56
1073.48,1091.65,1071.38,1040.94,-44.34
1104.61,1073.48,1091.65,1071.38,-41.66
1087.20,1104.61,1073.48,1091.65,-35.31
1120.31,1087.20,1104.61,1073.48,-31.99
1138.65,1120.31,1087.20,1104.61,-25.22
1150.34,1138.65,1120.31,1087.20,-17.88
1139.45,1150.34,1138.65,1120.31,-11.07
1158.31,1139.45,1150.34,1138.65,-7.30
1123.09,1158.31,1139.45,1150.34,-2.41
1144.89,1123.09,1158.31,1139.45,-2.89
1161.02,1144.89,1123.09,1158.31,-0.72
1172.51,1161.02,1144.89,1123.09,2.58
1145.60,1172.51,1161.02,1144.89,6.08
1127.58,1145.60,1172.51,1161.02,5.36
1133.28,1127.58,1145.60,1172.51,2.73
1122.20,1133.28,1127.58,1145.60,1.47
1096.22,1122.20,1133.28,1127.58,-0.66
1104.18,1096.22,1122.20,1133.28,-5.01
1089.84,1104.18,1096.22,1122.20,-7.00
1131.78,1089.84,1104.18,1096.22,-9.81
1164.31,1131.78,1089.84,1104.18,-6.84
1166.16,1164.31,1131.78,1089.84,-1.01
1148.70,1166.16,1164.31,1131.78,3.26
1147.39,1148.70,1166.16,1164.31,4.18
1122.73,1147.39,1148.70,1166.16,4.58
1111.01,1122.73,1147.39,1148.70,1.99
1125.17,1111.01,1122.73,1147.39,-1.14
1076.32,1125.17,1111.01,1122.73,-1.71
1073.43,1076.32,1125.17,1111.01,-7.49
1054.99,1073.43,1076.32,1125.17,-11.62
1106.59,1054.99,1073.43,1076.32,-16.23
1083.82,1106.59,1054.99,1073.43,-13.29
1067.14,1083.82,1106.59,1054.99,-13.46
1027.53,1067.14,1083.82,1106.59,-15.10
1007.27,1027.53,1067.14,1083.82,-20.26
989.14,1007.27,1027.53,1067.14,-25.58
989.82,989.14,1007.27,1027.53,-30.64
989.03,989.82,989.14,1007.27,-33.30
921.39,989.03,989.82,989.14,-34.41
847.75,921.39,989.03,989.82,-41.84
852.84,847.75,921.39,989.03,-54.13
864.24,852.84,847.75,921.39,-60.72
908.64,864.24,852.84,847.75,-62.52
928.77,908.64,864.24,852.84,-57.28
940.86,928.77,908.64,864.24,-50.01
916.07,940.86,928.77,908.64,-42.40
893.92,916.07,940.86,928.77,-38.85
889.81,893.92,916.07,940.86,-37.90
845.39,889.81,893.92,916.07,-36.76
827.37,845.39,889.81,893.92,-40.00
800.58,827.37,845.39,889.81,-43.26
835.32,800.58,827.37,845.39,-47.41
884.39,835.32,800.58,827.37,-45.26
897.65,884.39,835.32,800.58,-37.20
900.96,897.65,884.39,835.32,-29.24
894.74,900.96,897.65,884.39,-22.64
909.83,894.74,900.96,897.65,-18.21
930.55,909.83,894.74,900.96,-13.02
936.31,930.55,909.83,894.74,-6.81
912.23,936.31,930.55,909.83,-1.71
889.48,912.23,936.31,930.55,-0.82
895.76,889.48,912.23,936.31,-2.71
875.40,895.76,889.48,912.23,-3.25
908.59,875.40,895.76,889.48,-5.81
927.57,908.59,875.40,895.76,-3.74
901.78,927.57,908.59,875.40,-0.11
861.40,901.78,927.57,908.59,-0.47
855.70,861.40,901.78,927.57,-5.19
829.69,855.70,861.40,901.78,-8.96
834.89,829.69,855.70,861.40,-14.23
848.17,834.89,829.69,855.70,-16.95
841.15,848.17,834.89,829.69,-16.93
828.89,841.15,848.17,834.89,-17.28
833.27,828.89,841.15,848.17,-18.46
895.79,833.27,828.89,841.15,-18.34
863.50,895.79,833.27,828.89,-10.85
878.85,863.50,895.79,833.27,-8.99
868.30,878.85,863.50,895.79,-5.78
893.58,868.30,878.85,863.50,-4.59
898.81,893.58,868.30,878.85,-0.84
930.08,898.81,893.58,868.30,2.35
933.41,930.08,898.81,893.58,7.97
944.30,933.41,930.08,898.81,12.03
933.22,944.30,933.41,930.08,15.75
963.59,933.22,944.30,933.41,16.70
987.76,963.59,933.22,944.30,20.32
988.61,987.76,963.59,933.22,25.01
995.69,988.61,987.76,963.59,27.73
976.22,995.69,988.61,987.76,29.71
985.70,976.22,995.69,988.61,28.18
998.14,985.70,976.22,995.69,27.48
993.32,998.14,985.70,976.22,27.70
998.68,993.32,998.14,985.70,26.64
980.15,998.68,993.32,998.14,25.84
977.59,980.15,998.68,993.32,22.59
990.67,977.59,980.15,998.68,19.50
993.06,990.67,977.59,980.15,18.33
1008.01,993.06,990.67,977.59,17.34
1021.39,1008.01,993.06,990.67,17.89
1018.63,1021.39,1008.01,993.06,19.31
1036.30,1018.63,1021.39,1008.01,19.51
996.85,1036.30,1018.63,1021.39,21.13
1029.85,996.85,1036.30,1018.63,17.35
1038.06,1029.85,996.85,1036.30,17.97
1039.32,1038.06,1029.85,996.85,18.87
1028.91,1039.32,1038.06,1029.85,19.16
1050.71,1028.91,1039.32,1038.06,17.74
1053.21,1050.71,1028.91,1039.32,18.74
1050.35,1053.21,1050.71,1028.91,19.24
1035.28,1050.35,1053.21,1050.71,18.80
1058.20,1035.28,1050.35,1053.21,16.35
1061.50,1058.20,1035.28,1050.35,16.81
1074.14,1061.50,1058.20,1035.28,17.07
1088.66,1074.14,1061.50,1058.20,18.24
1095.89,1088.66,1074.14,1061.50,20.20
1108.48,1095.89,1088.66,1074.14,21.87
1121.86,1108.48,1095.89,1088.66,23.88
1139.83,1121.86,1108.48,1095.89,26.17
1141.55,1139.83,1121.86,1108.48,29.10
1131.13,1141.55,1139.83,1121.86,30.60
1142.76,1131.13,1141.55,1139.83,29.72
1145.81,1142.76,1131.13,1141.55,29.67
1144.11,1145.81,1142.76,1131.13,29.25
1144.94,1144.11,1145.81,1142.76,28.04
1156.86,1144.94,1144.11,1145.81,26.61
1120.57,1156.86,1144.94,1144.11,26.28
1109.78,1120.57,1156.86,1144.94,21.38
1108.06,1109.78,1120.57,1156.86,16.26
1141.81,1108.06,1109.78,1120.57,12.13
1139.32,1141.81,1108.06,1109.78,12.72
1134.61,1139.32,1141.81,1108.06,12.54
1140.60,1134.61,1139.32,1141.81,11.59
1107.30,1140.60,1134.61,1139.32,11.30
1098.70,1107.30,1140.60,1134.61,7.13
1095.70,1098.70,1107.30,1140.60,3.11
1093.56,1095.70,1098.70,1107.30,-0.08
1120.68,1093.56,1095.70,1098.70,-2.52
1122.50,1120.68,1093.56,1095.70,-1.13
1136.47,1122.50,1120.68,1093.56,0.06
1135.02,1136.47,1122.50,1120.68,2.44
1134.43,1135.02,1136.47,1122.50,3.86
1125.38,1134.43,1135.02,1136.47,4.68
1112.81,1125.38,1134.43,1135.02,4.12
1101.39,1112.81,1125.38,1134.43,2.24
1086.20,1101.39,1112.81,1125.38,-0.38
1101.72,1086.20,1101.39,1112.81,-3.88
1063.97,1101.72,1086.20,1101.39,-4.47
1064.80,1063.97,1101.72,1086.20,-8.97
1098.35,1064.80,1063.97,1101.72,-11.76
1107.77,1098.35,1064.80,1063.97,-9.67
1113.63,1107.77,1098.35,1064.80,-6.95
1123.92,1113.63,1107.77,1098.35,-4.24
1128.55,1123.92,1113.63,1107.77,-1.12
1110.11,1128.55,1123.92,1113.63,1.58
1131.50,1110.11,1128.55,1123.92,1.36
1122.14,1131.50,1110.11,1128.55,3.55
1108.20,1122.14,1131.50,1110.11,3.94
1095.74,1108.20,1122.14,1131.50,2.56
1130.20,1095.74,1108.20,1122.14,0.16
1166.17,1130.20,1095.74,1108.20,2.32
1184.17,1166.17,1130.20,1095.74,7.76
1170.34,1184.17,1166.17,1130.20,13.32
1182.65,1170.34,1184.17,1166.17,15.31
1191.17,1182.65,1170.34,1184.17,17.67
1188.00,1191.17,1182.65,1170.34,19.81
1194.20,1188.00,1191.17,1182.65,20.45
1210.13,1194.20,1188.00,1191.17,21.08
1211.92,1210.13,1194.20,1188.00,22.76
1186.19,1211.92,1210.13,1194.20,23.56
1184.52,1186.19,1211.92,1210.13,20.67
1167.87,1184.52,1186.19,1211.92,17.98
1171.36,1167.87,1184.52,1186.19,13.83
1203.03,1171.36,1167.87,1184.52,11.00
1205.30,1203.03,1171.36,1167.87,12.29
1201.59,1205.30,1203.03,1171.36,13.13
1211.37,1201.59,1205.30,1203.03,12.98
1222.12,1211.37,1201.59,1205.30,13.64
1200.08,1222.12,1211.37,1201.59,14.95
1189.65,1200.08,1222.12,1211.37,13.04
1171.42,1189.65,1200.08,1222.12,10.24
1172.92,1171.42,1189.65,1200.08,6.03
1181.20,1172.92,1171.42,1189.65,3.13
1142.62,1181.20,1172.92,1171.42,1.97
1152.12,1142.62,1181.20,1172.92,-3.17
1156.85,1152.12,1142.62,1181.20,-5.58
1171.35,1156.85,1152.12,1142.62,-6.59
1154.05,1171.35,1156.85,1152.12,-5.51
1189.28,1154.05,1171.35,1156.85,-6.56
1198.78,1189.28,1154.05,1171.35,-3.20
1196.02,1198.78,1189.28,1154.05,0.25
1198.11,1196.02,1198.78,1189.28,2.33
1216.96,1198.11,1196.02,1198.78,3.94
1191.57,1216.96,1198.11,1196.02,7.05
1194.44,1191.57,1216.96,1198.11,6.21
1211.86,1194.44,1191.57,1216.96,5.79
1227.92,1211.86,1194.44,1191.57,7.29
1233.68,1227.92,1211.86,1194.44,9.93
1234.18,1233.68,1227.92,1211.86,12.16
1226.42,1234.18,1233.68,1227.92,13.45
1230.39,1226.42,1234.18,1233.68,13.15
1219.71,1230.39,1226.42,1234.18,13.06
1205.10,1219.71,1230.39,1226.42,11.48
1218.02,1205.10,1219.71,1230.39,8.49
1241.48,1218.02,1205.10,1219.71,7.65
1237.91,1241.48,1218.02,1205.10,9.48
1215.29,1237.91,1241.48,1218.02,10.12
1228.81,1215.29,1237.91,1241.48,7.79
1195.90,1228.81,1215.29,1237.91,7.50
1186.57,1195.90,1228.81,1215.29,3.45
1179.59,1186.57,1195.90,1228.81,-0.47
1198.41,1179.59,1186.57,1195.90,-3.94
1220.14,1198.41,1179.59,1186.57,-4.15
1234.72,1220.14,1198.41,1179.59,-1.78
1248.27,1234.72,1220.14,1198.41,1.52
1268.25,1248.27,1234.72,1220.14,5.27
1265.08,1268.25,1248.27,1234.72,9.95
1259.37,1265.08,1268.25,1248.27,12.59
1267.32,1259.37,1265.08,1268.25,13.47
1268.66,1267.32,1259.37,1265.08,14.63
1248.29,1268.66,1267.32,1259.37,15.22
1285.45,1248.29,1268.66,1267.32,12.99
1287.61,1285.45,1248.29,1268.66,15.25
1261.49,1287.61,1285.45,1248.29,16.68
1283.72,1261.49,1287.61,1285.45,14.36
1264.03,1283.72,1261.49,1287.61,14.86
1266.99,1264.03,1283.72,1261.49,12.66
1287.24,1266.99,1264.03,1283.72,11.15
1289.43,1287.24,1266.99,1264.03,12.08
1287.23,1289.43,1287.24,1266.99,12.67
1281.42,1287.23,1289.43,1287.24,12.52
1307.25,1281.42,1287.23,1289.43,11.47
1302.95,1307.25,1281.42,1287.23,13.32
1294.87,1302.95,1307.25,1281.42,13.80
1295.50,1294.87,1302.95,1307.25,12.89
1289.12,1295.50,1294.87,1302.95,12.01
1311.28,1289.12,1295.50,1294.87,10.40
1310.61,1311.28,1289.12,1295.50,11.49
1325.76,1310.61,1311.28,1289.12,11.89
1291.24,1325.76,1310.61,1311.28,13.55
1267.03,1291.24,1325.76,1310.61,10.53
1280.16,1267.03,1291.24,1325.76,5.49
1288.22,1280.16,1267.03,1291.24,3.33
1252.30,1288.22,1280.16,1267.03,2.65
1251.54,1252.30,1288.22,1280.16,-1.87
1244.50,1251.54,1252.30,1288.22,-5.04
1270.20,1244.50,1251.54,1252.30,-7.89
1265.48,1270.20,1244.50,1251.54,-6.81
1236.20,1265.48,1270.20,1244.50,-6.42
1240.29,1236.20,1265.48,1270.20,-9.24
1278.55,1240.29,1236.20,1265.48,-10.51
1279.36,1278.55,1240.29,1236.20,-6.88
1266.74,1279.36,1278.55,1240.29,-4.11
1302.30,1266.74,1279.36,1278.55,-3.49
1295.09,1302.30,1266.74,1279.36,0.97
1311.01,1295.09,1302.30,1266.74,3.23
1298.92,1311.01,1295.09,1302.30,6.48
1319.66,1298.92,1311.01,1295.09,7.23
1315.00,1319.66,1298.92,1311.01,9.87
1336.00,1315.00,1319.66,1298.92,10.93
1350.00,1336.00,1315.00,1319.66,13.73
1366.00,1350.00,1336.00,1315.00,16.88
1368.60,1366.00,1350.00,1336.00,20.42
1377.34,1368.60,1366.00,1350.00,22.66
1364.30,1377.34,1368.60,1366.00,24.61
1380.90,1364.30,1377.34,1368.60,23.91
1401.20,1380.90,1364.30,1377.34,24.67
1400.95,1401.20,1380.90,1364.30,26.85
1396.71,1400.95,1401.20,1380.90,27.66
1409.84,1396.71,1400.95,1401.20,27.07
1427.09,1409.84,1396.71,1400.95,27.45
1410.76,1427.09,1409.84,1396.71,28.96
1418.30,1410.76,1427.09,1409.84,27.46
1409.71,1418.30,1410.76,1427.09,26.59
1430.73,1409.71,1418.30,1410.76,24.38
1430.50,1430.73,1409.71,1418.30,24.58
1422.18,1430.50,1430.73,1409.71,24.09
1448.39,1422.18,1430.50,1430.73,22.23
1438.06,1448.39,1422.18,1430.50,23.31
1455.54,1438.06,1448.39,1422.18,22.33
1451.19,1455.54,1438.06,1448.39,23.05
1387.17,1451.19,1455.54,1438.06,22.49
1402.85,1387.17,1451.19,1455.54,14.43
1386.95,1402.85,1387.17,1451.19,10.25
1436.11,1386.95,1402.85,1387.17,5.34
1420.86,1436.11,1386.95,1402.85,7.27
1443.76,1420.86,1436.11,1386.95,6.74
1452.85,1443.76,1420.86,1436.11,8.74
1484.35,1452.85,1443.76,1420.86,10.93
1494.07,1484.35,1452.85,1443.76,15.67
1505.62,1494.07,1484.35,1452.85,19.63
1505.85,1505.62,1494.07,1484.35,23.18
1522.75,1505.85,1505.62,1494.07,25.08
1515.73,1522.75,1505.85,1505.62,27.65
1536.34,1515.73,1522.75,1505.85,27.97
1507.67,1536.34,1515.73,1522.75,29.79
1532.91,1507.67,1536.34,1515.73,27.12
1502.56,1532.91,1507.67,1536.34,27.42
1503.35,1502.56,1532.91,1507.67,23.57
1530.44,1503.35,1502.56,1532.91,20.42
1530.44,1503.35,1502.56,1532.91,20.42
1552.50,1530.44,1503.35,1502.56,20.74
1534.10,1552.50,1530.44,1503.35,22.91
1458.95,1534.10,1552.50,1530.44,21.79
1433.06,1458.95,1534.10,1552.50,12.13
1453.64,1433.06,1458.95,1534.10,2.28
1445.94,1453.64,1433.06,1458.95,-2.30
1479.37,1445.94,1453.64,1433.06,-6.27
1473.99,1479.37,1445.94,1453.64,-5.14
1453.55,1473.99,1479.37,1445.94,-4.83
1484.25,1453.55,1473.99,1479.37,-6.77
1525.75,1484.25,1453.55,1473.99,-4.53
1526.75,1525.75,1484.25,1453.55,1.74
1557.59,1526.75,1525.75,1484.25,6.14
1561.80,1557.59,1526.75,1525.75,12.46
1500.63,1561.80,1557.59,1526.75,16.99
1535.28,1500.63,1561.80,1557.59,12.90
1509.65,1535.28,1500.63,1561.80,13.61
1453.70,1509.65,1535.28,1500.63,10.92
1458.74,1453.70,1509.65,1535.28,2.57
1440.70,1458.74,1453.70,1509.65,-2.71
1481.14,1440.70,1458.74,1453.70,-8.29
1504.66,1481.14,1440.70,1458.74,-7.46
1467.95,1504.66,1481.14,1440.70,-4.08
1484.46,1467.95,1504.66,1481.14,-5.73
1478.49,1484.46,1467.95,1504.66,-4.89
1411.63,1478.49,1484.46,1467.95,-4.85
1401.02,1411.63,1478.49,1484.46,-12.13
1325.19,1401.02,1411.63,1478.49,-18.05
1330.61,1325.19,1401.02,1411.63,-30.12
1395.42,1330.61,1325.19,1401.02,-37.11
1331.29,1395.42,1330.61,1325.19,-33.83
1349.99,1331.29,1395.42,1330.61,-37.86
1353.11,1349.99,1331.29,1395.42,-37.63
1330.63,1353.11,1349.99,1331.29,-36.19
1293.37,1330.63,1353.11,1349.99,-36.80
1288.14,1293.37,1330.63,1353.11,-40.46
1329.51,1288.14,1293.37,1330.63,-42.57
1315.22,1329.51,1288.14,1293.37,-38.38
1370.40,1315.22,1329.51,1288.14,-36.12
1332.83,1370.40,1315.22,1329.51,-27.54
1390.33,1332.83,1370.40,1315.22,-25.10
1397.84,1390.33,1332.83,1370.40,-16.40
1413.90,1397.84,1390.33,1332.83,-9.15
1388.28,1413.90,1397.84,1390.33,-2.13
1425.35,1388.28,1413.90,1397.84,-0.07
1375.93,1425.35,1388.28,1413.90,5.48
1400.38,1375.93,1425.35,1388.28,3.69
1360.68,1400.38,1375.93,1425.35,5.07
1360.03,1360.68,1400.38,1375.93,1.50
1317.93,1360.03,1360.68,1400.38,-1.09
1278.38,1317.93,1360.03,1360.68,-7.52
1262.90,1278.38,1317.93,1360.03,-16.18
1239.49,1262.90,1278.38,1317.93,-23.49
1260.68,1239.49,1262.90,1278.38,-30.56
1257.76,1260.68,1239.49,1262.90,-32.34
1260.31,1257.76,1260.68,1239.49,-33.10
1296.32,1260.31,1257.76,1260.68,-32.52
1298.20,1296.32,1260.31,1257.76,-27.32
1292.20,1298.20,1296.32,1260.31,-22.84
1282.83,1292.20,1298.20,1296.32,-19.84
1242.31,1282.83,1292.20,1298.20,-18.32
1251.70,1242.31,1282.83,1292.20,-21.32
1255.08,1251.70,1242.31,1282.83,-21.83
1213.27,1255.08,1251.70,1242.31,-21.26
1099.23,1213.27,1255.08,1251.70,-24.99
899.22,1099.23,1213.27,1255.08,-39.62
940.55,899.22,1099.23,1213.27,-70.98
876.77,940.55,899.22,1099.23,-86.32
968.75,876.77,940.55,899.22,-101.88
930.99,968.75,876.77,940.55,-99.90
873.29,930.99,968.75,876.77,-100.26
800.03,873.29,930.99,968.75,-104.45
896.24,800.03,873.29,930.99,-112.90
876.07,896.24,800.03,873.29,-105.27
879.73,876.07,896.24,800.03,-99.63
887.88,879.73,876.07,896.24,-92.87
872.80,887.88,879.73,876.07,-85.00
931.80,872.80,887.88,879.73,-79.13
890.35,931.80,872.80,887.88,-66.56
850.12,890.35,931.80,872.80,-60.84
831.95,850.12,890.35,931.80,-59.85
825.88,831.95,850.12,890.35,-59.70
868.60,825.88,831.95,850.12,-58.81
826.84,868.60,825.88,831.95,-51.99
770.05,826.84,868.60,825.88,-50.63
735.09,770.05,826.84,868.60,-54.75
683.38,735.09,770.05,826.84,-60.13
756.55,683.38,735.09,770.05,-68.11
768.54,756.55,683.38,735.09,-63.82
815.94,768.54,756.55,683.38,-57.94
842.50,815.94,768.54,756.55,-47.18
856.56,842.50,815.94,768.54,-35.62
869.60,856.56,842.50,815.94,-25.19
866.23,869.60,856.56,842.50,-15.91
877.52,866.23,869.60,856.56,-9.48
929.23,877.52,866.23,869.60,-3.54
882.88,929.23,877.52,866.23,6.40
887.00,882.88,929.23,877.52,7.96
919.14,887.00,882.88,929.23,9.30
940.09,919.14,887.00,882.88,13.57
946.21,940.09,919.14,887.00,18.52
921.23,946.21,940.09,919.14,22.16
918.90,921.23,946.21,940.09,21.35
896.42,918.90,921.23,946.21,20.01
879.13,896.42,918.90,921.23,16.09
940.38,879.13,896.42,918.90,11.06
979.26,940.38,879.13,896.42,14.12
987.48,979.26,940.38,879.13,20.20
1010.48,987.48,979.26,940.38,24.82
1004.09,1010.48,987.48,979.26,29.96
1026.13,1004.09,1010.48,987.48,32.06
1028.93,1026.13,1004.09,1010.48,35.17
1016.40,1028.93,1026.13,1004.09,36.76
1042.73,1016.40,1028.93,1026.13,35.57
1068.30,1042.73,1016.40,1028.93,36.78
1044.38,1068.30,1042.73,1016.40,39.56
1025.21,1044.38,1068.30,1042.73,37.84
1071.49,1025.21,1044.38,1068.30,33.59
1087.68,1071.49,1025.21,1044.38,34.97
1079.60,1087.68,1071.49,1025.21,36.85
1036.19,1079.60,1087.68,1071.49,36.35
1069.30,1036.19,1079.60,1087.68,30.28
1093.48,1069.30,1036.19,1079.60,29.01
1091.38,1093.48,1069.30,1036.19,30.11
1091.49,1091.38,1093.48,1069.30,29.89
1105.98,1091.49,1091.38,1093.48,29.01
1106.41,1105.98,1091.49,1091.38,29.30
1102.47,1106.41,1105.98,1091.49,28.82
1126.48,1102.47,1106.41,1105.98,27.34
1115.10,1126.48,1102.47,1106.41,28.31
1144.98,1115.10,1126.48,1102.47,27.02
1136.03,1144.98,1115.10,1126.48,28.78
1091.76,1136.03,1144.98,1115.10,28.29
1073.87,1091.76,1136.03,1144.98,22.34
1066.19,1073.87,1091.76,1136.03,15.68
1075.51,1066.19,1073.87,1091.76,9.84
1109.17,1075.51,1066.19,1073.87,6.59
1104.49,1109.17,1075.51,1066.19,7.92
1138.70,1104.49,1109.17,1075.51,8.13
1149.99,1138.70,1104.49,1109.17,11.87
1159.90,1149.99,1138.70,1104.49,15.42
1166.59,1159.90,1149.99,1138.70,18.59
1178.10,1166.59,1159.90,1149.99,21.07
1194.37,1178.10,1166.59,1159.90,23.54
1192.13,1194.37,1178.10,1166.59,26.48
1217.28,1192.13,1194.37,1178.10,27.61
1186.69,1217.28,1192.13,1194.37,30.50
1110.88,1186.69,1217.28,1192.13,28.35
1135.68,1110.88,1186.69,1217.28,17.73
1087.69,1135.68,1110.88,1186.69,12.72
1089.41,1087.69,1135.68,1110.88,3.60
1064.88,1089.41,1087.69,1135.68,-2.60
1091.60,1064.88,1089.41,1087.69,-9.55
1117.51,1091.60,1064.88,1089.41,-11.15
1076.76,1117.51,1091.60,1064.88,-9.10
1022.58,1076.76,1117.51,1091.60,-11.98
1077.96,1022.58,1076.76,1117.51,-19.70
1064.88,1077.96,1022.58,1076.76,-18.40
1102.66,1064.88,1077.96,1022.58,-18.50
1101.60,1102.66,1064.88,1077.96,-13.91
1121.64,1101.60,1102.66,1064.88,-10.52
1079.25,1121.64,1101.60,1102.66,-5.68
1071.69,1079.25,1121.64,1101.60,-6.91
1064.59,1071.69,1079.25,1121.64,-8.43
1104.51,1064.59,1071.69,1079.25,-10.06
1109.55,1104.51,1064.59,1071.69,-6.50
1125.59,1109.55,1104.51,1064.59,-3.32
1148.67,1125.59,1109.55,1104.51,0.74
1146.24,1148.67,1125.59,1109.55,6.10
1165.15,1146.24,1148.67,1125.59,9.38
1176.19,1165.15,1146.24,1148.67,13.52
1183.08,1176.19,1165.15,1146.24,17.27
1183.26,1183.08,1176.19,1165.15,20.20
1225.85,1183.26,1183.08,1176.19,21.75
1199.21,1225.85,1183.26,1183.08,27.02
1199.73,1199.21,1225.85,1183.26,27.03
1189.40,1199.73,1199.21,1225.85,26.43
1224.71,1189.40,1199.73,1199.21,24.22
1240.40,1224.71,1189.40,1199.73,26.01
1243.91,1240.40,1224.71,1189.40,28.35
1256.77,1243.91,1240.40,1224.71,29.66
1257.64,1256.77,1243.91,1240.40,31.26
1271.50,1257.64,1256.77,1243.91,31.70
1293.24,1271.50,1257.64,1256.77,32.75
1283.35,1293.24,1271.50,1257.64,35.09
1276.34,1283.35,1293.24,1271.50,34.74
1310.87,1276.34,1283.35,1293.24,32.86
1329.15,1310.87,1276.34,1283.35,34.59
1343.01,1329.15,1310.87,1276.34,36.96
1319.88,1343.01,1329.15,1310.87,39.22
1321.15,1319.88,1343.01,1329.15,37.25
1304.28,1321.15,1319.88,1343.01,35.11
1279.21,1304.28,1321.15,1319.88,30.89
1313.80,1279.21,1304.28,1321.15,24.42
1332.41,1313.80,1279.21,1304.28,23.19
1328.17,1332.41,1313.80,1279.21,23.84
1319.68,1328.17,1332.41,1313.80,23.22
1337.38,1319.68,1328.17,1332.41,21.28
1363.61,1337.38,1319.68,1328.17,21.38
1340.20,1363.61,1337.38,1319.68,23.83
1337.77,1340.20,1363.61,1337.38,22.34
1333.27,1337.77,1340.20,1363.61,20.49
1331.10,1333.27,1337.77,1340.20,18.20
1300.16,1331.10,1333.27,1337.77,15.93
1270.98,1300.16,1331.10,1333.27,10.53
1271.50,1270.98,1300.16,1331.10,3.29
1268.45,1271.50,1270.98,1300.16,-1.74
1339.67,1268.45,1271.50,1270.98,-5.51
1343.80,1339.67,1268.45,1271.50,-0.07
1316.14,1343.80,1339.67,1268.45,4.16
1345.02,1316.14,1343.80,1339.67,3.90
1292.28,1345.02,1316.14,1343.80,6.84
1199.38,1292.28,1345.02,1316.14,2.84
1178.81,1199.38,1292.28,1345.02,-10.32
1123.53,1178.81,1199.38,1292.28,-21.45
1176.80,1123.53,1178.81,1199.38,-34.75
1173.97,1176.80,1123.53,1178.81,-37.17
1154.23,1173.97,1176.80,1123.53,-38.25
1216.01,1154.23,1173.97,1176.80,-40.24
1136.43,1216.01,1154.23,1173.97,-33.75
1131.42,1136.43,1216.01,1154.23,-37.28
1155.46,1131.42,1136.43,1216.01,-39.35
1224.58,1155.46,1131.42,1136.43,-37.15
1238.25,1224.58,1155.46,1131.42,-27.02
1285.09,1238.25,1224.58,1155.46,-17.84
1253.23,1285.09,1238.25,1224.58,-5.84
1263.85,1253.23,1285.09,1238.25,-0.94
1215.65,1263.85,1253.23,1285.09,3.65
1158.67,1215.65,1263.85,1253.23,1.37
1244.28,1158.67,1215.65,1263.85,-6.56
1255.19,1244.28,1158.67,1215.65,-2.38
1219.66,1255.19,1244.28,1158.67,1.79
1265.33,1219.66,1255.19,1244.28,0.68
1257.60,1265.33,1219.66,1255.19,4.97
1277.81,1257.60,1265.33,1219.66,6.95
1289.09,1277.81,1257.60,1265.33,10.40
1315.38,1289.09,1277.81,1257.60,13.77
1316.33,1315.38,1289.09,1277.81,18.69
1344.90,1316.33,1315.38,1289.09,21.73
1342.64,1344.90,1316.33,1315.38,26.48
1361.23,1342.64,1344.90,1316.33,28.85
1365.74,1361.23,1342.64,1344.90,31.84
1369.63,1365.74,1361.23,1342.64,33.63
1370.87,1369.63,1365.74,1361.23,34.46
1404.17,1370.87,1369.63,1365.74,34.33
1397.11,1404.17,1370.87,1369.63,37.09
1408.47,1397.11,1404.17,1370.87,37.30
1398.08,1408.47,1397.11,1404.17,37.78
1370.26,1398.08,1408.47,1397.11,36.03
1378.53,1370.26,1398.08,1408.47,30.84
1403.36,1378.53,1370.26,1398.08,27.40
1369.10,1403.36,1378.53,1370.26,27.11
1353.39,1369.10,1403.36,1378.53,22.44
1295.22,1353.39,1369.10,1403.36,16.90
1317.82,1295.22,1353.39,1369.10,6.20
1278.04,1317.82,1295.22,1353.39,1.15
1325.66,1278.04,1317.82,1295.22,-6.78
1342.84,1325.66,1278.04,1317.82,-6.81
1335.02,1342.84,1325.66,1278.04,-4.75
1362.16,1335.02,1342.84,1325.66,-4.08
